Azulejo-Código,Procedência,Fábrica,Dimensão-Formato,"Material, Técnica de Fabricação e Decorativa",Endereço,Bairro,Uso-Aplicação,Altura,Largura,latitude,longitude
Azulejo-PE 1-1-1,Lisboa/Portugal,"Viúva Lamego-Constância (Consta do Catalogo de J. Lino de 1889). 
Apelido: Ferradura","13,4 x 13,4cm",Cerâmica e vidrado Estampilha,"Travessa Frutuoso Guimarães n° 18/30/36, 257/259; Travessa Pedro de Albuquerque n°230; Travessa Gurupá n°114 e 266; Rua Dr. Malcher n°15/84; Rua Dr. Assis n° 130; Rua Gaspar Viana n° 151/153/157 e 165/169; Rua 15 de Novembro n° 30/32/34/36; Avenida Castilhos França n° 346, 506, 522 e 524/534; Rua Gaspar Viana n° 80/84/88 e 96/98",Cidade Velha/Campina,"Revestimento de fachada, assentados por compressão contra argamassa fresca.",13.4,13.4,-1.4529655,-48.4985414
Azulejo-PE 1-1-2,Lisboa/Portugal,"Viúva Lamego-Constância (Consta do Catalogo de J. Lino de 1889). 
Apelido: Ferradura","13,2 x 13,2cm",Cerâmica e vidrado Estampilha,Travessa 7 de Setembro  n° 104; Travessa Rui Barbosa n° 845; Rua Senador Manoel Barata n° 377 e Travessa Campos Sales n° 300/306/308/312 e 330; Rua Caetano Rufino n° 62,Campina/Reduto,"Revestimento de fachada, assentados por compressão contra argamassa fresca.",13.2,13.2,-1.2396793,-48.3238471
Azulejo-PE 1-2-3,Porto e/ou Lisboa/Portugal,"Viúva Lamego-Constância (Consta do Catalogo de J. Lino de 1889). 
Apelido: Ferradura","13,2 x 13,2cm",Cerâmica e vidrado Estampilha,Demolido antes de 1986,,"Revestimento de fachada, assentados por compressão contra argamassa fresca.",13.2,13.2,,
Azulejo-PE 1-3-3,Porto e/ou Lisboa/Portugal,Viúva Lamego. Apelido: Ferradura,"13,4 x 13,4cm",Cerâmica e vidrado Estampilha,"Travessa Frutuoso Guimarães n° 371, 552 e 558; Rua General Gurjão n° 285; Rua Padre Prudêncio n° 719; Travessa 7 de Setembro n° 164/168/170; Rua Conselheiro João Alfredo n° 284; Travessa Gurupá n° 266; Travessa Alenquer n° 114; Travessa Quintino Bocaiúva n° 946/932; Travessa Rui Barbosa n° 355; Rua Veiga Cabral n° 1338; Rua Ó de Almeida n°387; Rua Senador Manoel Barata n° 77 e 114/118; Travessa Piedade n° 337; Travessa Presidente Pernambuco n° 204; Avenida 16 de Novembro n° 79; Rua Rodrigues Santos n° 257; Rua Cametá n° 94; Travessa Padre Eutiquio n° 555; Travessa Campos Sales n° 679  e 715; Rua Gaspar Viana n° 226/228, 223, 233/235, 359/361, 371/375 e 377/381; Rua 15 de Novembro n° 29/31; Praça Barão do Guajará n° 53; Rua 13 de Maio n° 28/32, 125, 458/462 e 470; Rua 28 de Setembro n° 42/56, 157, 528 e 536; Avenida Castilhos França n° 744, 738, 722, 600 e 608; Rua Boaventura n° 39; Travessa Padre Eutiquio n° 1329 e 719; Travessa 7 de Setembro n° 319; Praça Matriz n° 69 e 81","Cidade Velha/Campina/Reduto/
Batista Campos","Revestimento de fachada, assentados por compressão contra argamassa fresca.",13.4,13.4,-1.4537140725364035,-48.49763250158332
Azulejo-PE 1-4-1,Porto e/ou Lisboa/Portugal,"Viúva Lamego-Constância (Consta do Catalogo de J. Lino de 1889). 
Apelido: Ferradura","13,4 x 13,4cm",Cerâmica e vidrado Estampilha,"Travessa Gurupá n° 266; 
Av Conselheiro Furtado n° 406",Cidade Velha,"Revestimento de fachada, assentados por compressão contra argamassa fresca.",13.4,13.4,-1.4596774,-48.5024191
Azulejo-PE 2-1-1,Lisboa/Portugal,Provavelmente da Fábrica Constância (Consta do Catalogo de J. Lino de 1889),13 x 13cm,Cerâmica e vidrado Estampilha,"Rua Marques de Pombal n°44/46 e 48; Travessa Leão XIII n° 52 e s/n°; Rua 13 de Maio n° 510/512/514; Travessa Frutuoso Guimarães n° 329 e 482; Rua Santo Antônio n° 14/20 e 135/155; Travessa Gurupá n° 178; Travessa Rui Barbosa n° 819, 825, 1063, 1069, 1071; Rua Ó de Almeida n° 618 e 793; Rua Tiradentes n° 514; Travessa Piedade n° 342, 346 e s/n°; Rua Aristides Lobo n° 145; Rua Cametá n° 50","Cidade Velha/
Campina/Reduto/
Nazaré","Revestimento de fachada, assentados por compressão contra argamassa fresca.",13,13,,
Azulejo-PE 2-2-3,Lisboa/Portugal,Constância (Consta do Catalogo de J. Lino de 1889),"13,3 x 13,3cm",Cerâmica e vidrado Estampilha,"Travessa Pedro Albuquerque n° 271; Travessa Benjamin Constant n° 1035, 1041 e 1047; Avenida Governador José Malcher s/n° e 453; Rua Cametá n° 107 e Avenida Gentil Bittencourt n° 1102","Cidade Velha/
Nazaré","Revestimento de fachada, assentados por compressão contra argamassa fresca.",13.3,13.3,,
Azulejo-PE 5-1-1,Lisboa/Portugal,Viúva Lamego,"13,7 x 13,7cm",Cerâmica e vidrado Estampilha,Avenida Senador Lemos n° 573; Rua Senador Manoel Barata n° 271; Rua 28 de Setembro n° 872,"Campina/Reduto/
Umarizal","Revestimento de fachada, assentados por compressão contra argamassa fresca.",13.7,13.7,-1.4380768017961783,-48.488091744333346
Azulejo-PE 6-1-1,Lisboa/Portugal,,"13,5 x 13,5cm",Cerâmica e vidrado Estampilha,Demolido antes de 1986,,"Revestimento de fachada, assentados por compressão contra argamassa fresca.",13.5,13.5,,
Azulejo-PE 7-1-1,Portugal,,14 x 14cm,Cerâmica e vidrado Estampilha,Demolido antes de 1986,,"Revestimento de fachada, assentados por compressão contra argamassa fresca.",14,14,,
Azulejo-PE 7-2-2,Portugal,,"10,9 x 10,9cm",Cerâmica e vidrado Estampilha,Demolido antes de 1986,,"Revestimento de fachada, assentados por compressão contra argamassa fresca.",10.9,10.9,,
Azulejo-PE 8-1-1,Lisboa/Portugal,Viúva Lamego,"13,4 x 13,4cm",Cerâmica e vidrado Estampilha,"Rua Bailique n° 261; Travessa Frutuoso Guimarães n° 529; Rua Domingos Marreiros n°279; Rua Diogo Moia n° 1101; Travessa Alenquer n° 146, 162 e 168; Rua Dr. Malcher n° 106; Travessa Quintino Bocaiúva n° 932/946; Rua Senador Manoel Barata n° 848; Avenida Nazaré n° 427, 435, 441, 449, 457, 463 e 489; Avenida Governador José Malcher n° 484 e 676; Avenida Portugal n° 183; Avenida 16 de Novembro n° 107; Rua Rodrigues dos Santos n° 305; Rua Cametá n° 55; Travessa Campos Sales n° 300/306/308/312; Rua 13 de Maio n° 81/83/85/89; Rua 28 de Setembro n° 328; Avenida Castilhos França n° 738; Travessa Benjamin Constant n° 1415; Rua João Balby n° 325; Avenida Castelo Branco n° 761 e 1221; Avenida Alcindo Cacela n° 1619","Cidade Velha/
Campina/
Nazaré/Umarizal/
São Brás","Revestimento de fachada, assentados por compressão contra argamassa fresca.",13.4,13.4,,
Azulejo-PE 10-2-1,Portugal,,"13,5 x 13,5cm",Cerâmica e vidrado Estampilha,Demolido antes de 1986,,"Revestimento de fachada, assentados por compressão contra argamassa fresca.",13.5,13.5,,
Azulejo-PE 12-1-1,"Provavelmente 
Lisboa/Portugal",,"13,5 x 13,5cm",Cerâmica e vidrado Estampilha,Demolido antes de 1986,,"Revestimento de fachada, assentados por compressão contra argamassa fresca.",13.5,13.5,,
Azulejo-PE 16-1-1,Porto/Portugal,"Fabrica Santo Antonio 
Apelido: Barba de Gato","13,5 x 13,5cm",Cerâmica e vidrado Estampilha,"Travessa Frutuoso Guimarães n° 175/179, 163/185 e 187/191; Avenida Gentil Bittencourt n° 57 e 231; 
Rua Tomazia Perdigão n° 62; Rua Arcipreste Manoel Teodoro n° 943",Campina/Nazaré/Batista Campos,"Revestimento de fachada, assentados por compressão contra argamassa fresca.",13.5,13.5,-1.4529655,-48.4985414
Azulejo-PE 16-2-1,Porto/Portugal,,"13,5 x 13,5cm",Cerâmica e vidrado Estampilha,Rua Senador Manoel Barata n° 136,Campina,"Revestimento de fachada, assentados por compressão contra argamassa fresca.",13.5,13.5,-1.4450958,-48.4902637
Azulejo-PE 17-1-1,Porto/Portugal,,"13,5 x 13,5cm",Cerâmica e vidrado Estampilha,Rua Osvaldo Cruz n° 165/166; Travessa Frei Gil de Vila  Nova n° 166,Campina,"Revestimento de fachada, assentados por compressão contra argamassa fresca.",13.5,13.5,-1.4092965,-48.3974448
Azulejo-PE 18-2-1,Lisboa/Portugal,Calçada dos Cesteiros ou Roseira,"13,2 x 13,2cm",Cerâmica e vidrado Estampilha,Avenida Senador Lemos n° 762; Rua XV de Novembro n° 314 e 324,Umarizal/Comércio,"Revestimento de fachada, assentados por compressão contra argamassa fresca.",13.2,13.2,-1.4368831053661653,-48.48714426791202
Azulejo-PE 19-1-2,Lisboa/Portugal,Viúva Lamego,"13,6 x 13,6cm",Cerâmica e vidrado Estampilha,"Rua Ó de Almeida n° 43, Avenida Castilho França n° 42; Rua 13 de Maio n° 194",Campina,"Revestimento de fachada, assentados por compressão contra argamassa fresca.",13.6,13.6,-1.4466007,-48.4908728
Azulejo-PE 22-1-1,Porto/Portugal,A.A.Costa & C Fa das Devezas de Vila Nova de Gaia,14 x 14cm,Cerâmica e vidrado Estampilha,Travessa Padre Eutiquio n° 1536,Campina,"Revestimento de fachada, assentados por compressão contra argamassa fresca.",14,14,-1.4603555151378926,-48.49109825483438
Azulejo-PE 23-1-1,"Provavelmente 
Lisboa/Portugal",,"13,5 x 13,5cm",Cerâmica e vidrado Estampilha,Demolido antes de 1986,,"Revestimento de fachada, assentados por compressão contra argamassa fresca.",13.5,13.5,,
Azulejo-PE 23-2-2,Porto/Portugal,A.A.Costa & C Fa das Devezas de Vila Nova de Gaia ou Santo Antonio do Vale da Piedade,"13,5 x 13,5cm",Cerâmica e vidrado Estampilha,Travessa Campos Sales n° 400 e 477 (Entre Rua Senador Manoel Barata e Rua Ó de Almeida),Campina,"Revestimento de fachada, assentados por compressão contra argamassa fresca.",13.5,13.5,-1.4532834312209015,-48.49936060789513
Azulejo-PE 25-2-2,Lisboa/Portugal,"Viúva Lamego 
Apelido: Bicha da Praça","13,5 x 13,5cm",Cerâmica e vidrado Estampilha,Avenida 16 de Novembro n° 791,Batista Campos,"Revestimento de fachada, assentados por compressão contra argamassa fresca.",13.5,13.5,-1.4616812986140095,-48.497033069258286
Azulejo-PE 25-3-1,"Provavelmente 
Portugal",José Pereira Valente (JPV),14x14cm,Cerâmica e vidrado Estampilha,Demolido antes de 1986,,"Revestimento de fachada, assentados por compressão contra argamassa fresca.",14,14,,
Azulejo-PE 25-3-3,Lisboa e Porto/Portugal,Calçada dos Cesteiros(Roseira) Devezas e Carvalhinho,13x13cm,Cerâmica e vidrado Estampilha,Demolido antes de 1986,,"Revestimento de fachada, assentados por compressão contra argamassa fresca.",13,13,,
Azulejo-PE 27-2-1,Porto/Portugal,,"13,5 x 13,5cm",Cerâmica e vidrado Estampilha,Demolido antes de 1986,,"Revestimento de fachada, assentados por compressão contra argamassa fresca.",13.5,13.5,,
Azulejo-PE 31-1-4,Lisboa/Portugal,Viúva Lamego e Calçada dos Cesteiros(Roseira),"13,5 x 13,5cm",Cerâmica e vidrado Estampilha,Demolido antes de 1986,,"Revestimento de fachada, assentados por compressão contra argamassa fresca.",13.5,13.5,,
Azulejo-PE 35-1-1,Lisboa/Portugal,,"13,6 x 13,6cm",Cerâmica e vidrado Estampilha,Travessa Padre Prudêncio n° 514 e 518; Rua Gaspar Viana n° 80/84/88 e 96/98; Travessa Leão XIII n° 27/37; Rua 13 de Maio n° 520 e 524; Praça Visconde do Rio Branco n° 9,Campina,"Revestimento de fachada, assentados por compressão contra argamassa fresca.",13.6,13.6,-1.4541223849056604,-48.4963647490566
Azulejo-PE 39-1-1,Portugal,,"13,2 x 13,2cm",Cerâmica e vidrado Estampilha,Rua João Diogo n° 100,Cidade Velha,"Revestimento de fachada, assentados por compressão contra argamassa fresca.",13.2,13.2,-1.4568314748248314,-48.501849048258535
Azulejo-PE 46-1-1,Lisboa/Portugal e Holanda,"Padrão igual na Koninkligke Fabriek Van Muurtegels-j. Vanhust, Harlingen","13,2 x 13,2cm",Cerâmica e vidrado Estampilha,Rua João Diogo n° 100; Travessa Quintino Bocaiúva n°1242; Rua Conselheiro João Alfredo n° 289; Avenida Nazaré n° 1189; Rua dos Mundurucus n° 1246; Avenida Conselheiro Furtado n° 1613,"Campina/Nazaré/
Jurunas","Revestimento de fachada, assentados por compressão contra argamassa fresca.",13.2,13.2,-1.4568314748248314,-48.501849048258535
Azulejo-PE 47-1-2,Portugal,,"13,5 x 13,5cm",Cerâmica e vidrado Estampilha,Travessa Major Joaquim Távora n°334,Cidade Velha,"Revestimento de fachada, assentados por compressão contra argamassa fresca.",13.5,13.5,-1.457736758888889,-48.503383864444444
Azulejo-PE 47-2-3,Portugal,,"13,2 x 13,2cm",Cerâmica e vidrado Estampilha,Rua Tomazia Perdigão n° 62,Cidade Velha,"Revestimento de fachada, assentados por compressão contra argamassa fresca.",13.2,13.2,-1.4570552,-48.5028955
Azulejo-PE 49-1-1,Lisboa/Portugal semelhante a padrão inglês - Minpon. & Co,Calçado dos Cesteiros ou Roseira,"13,5 x 13,5cm",Cerâmica e vidrado Estampilha,"Rua Bailique/ Ferreira Cantão n° 2202,253; Travessa Frutuoso Guimarães n° 270/272 e 276/282/284; Avenida Senador Lemos n° 574; Travessa 7 de Setembro n° 35; Travessa 1º de Março n° 864; Travessa Major Joaquim Távora n° 327; Travessa Pedro Albuquerque n° 65 e 71; Avenida Generalíssimo Deodoro  n° 201; Travessa Benjamin Constant n° 415; Rua Ó de Almeida n° 810/831; Rua Senador Manoel Barata n° 277/279, 876, 983, 987 e 993; Avenida Nazaré n° 285; Avenida Assis de Vasconcelos n° 877; Rua Riachuelo n° 43 e 104; Rua Cametá n° 89 e 106; Travessa Padre Eutiquio n° 483/489, 493/495 e 1508; Travessa Campos Sales n° 517; Rua Angelo Custodio n° 35/41/45/47; Rua 13 de Maio n° 158/160 e 162/168; Rua 28 de Setembro n° 1181/1183 e 11871189; Rua Siqueira Mendes n° 152; Travessa Frei Gil de Vila Nova n° 993",Cidade Velha/Campina/Umarizal/Reduto/Nazaré/Batista Campos,"Revestimento de fachada, assentados por compressão contra argamassa fresca.",13.5,13.5,,
Azulejo-PE 49-1-2 (azul),Lisboa/Portugal semelhante a padrão inglês - Minpon. & Co,Calçado dos Cesteiros ou Roseira,"13,5 x 13,5cm",Cerâmica e vidrado Estampilha,Padre Prudêncio n° 586; Rua Senador Manoel Barata n° 880,Campina,"Revestimento de fachada, assentados por compressão contra argamassa fresca.",13.5,13.5,,
Azulejo-PE 49-1-3 (verde),Lisboa/Portugal semelhante a padrão inglês - Minpon. & Co,Calçado dos Cesteiros ou Roseira,"13,5 x 13,5cm",Cerâmica e vidrado Estampilha,"Avenida General Gurjão n° 176; Rua Carlos Gomes n° 55; Avenida Governador José Malcher n° 1701; Rua Aristides Lobo n° 93,99 e 105; Rua Riachuelo n° 110, 126, 190, 196; Rua Cametá n° 119; Travessa Campos Sales n° 493, 608, 612 e 618",Cidade Velha/Campina/São Brás,"Revestimento de fachada, assentados por compressão contra argamassa fresca.",13.5,13.5,-1.3649733,-48.2391604
Azulejo-PE 52-1-1,Porto e Lisboa/Portugal,,"13,5 x 13,5cm",Cerâmica e vidrado Estampilha,Demolido antes de 1986,,"Revestimento de fachada, assentados por compressão contra argamassa fresca.",13.5,13.5,,
Azulejo-PE 56-1-1,Porto e Lisboa/Portugal,,"13,2 x 13,2cm",Cerâmica e vidrado Estampilha,Travessa Benjamin Constant n° 1006 e 1012,Nazaré,"Revestimento de fachada, assentados por compressão contra argamassa fresca.",13.2,13.2,-1.4512940912501606,-48.490112702629624
Azulejo-PE 58-1-2,Porto e Lisboa/Portugal,A.A.Costa & C Fa das Devezas de Vila Nova de Gaia,,Cerâmica e vidrado Estampilha,Demolido antes de 1986,,"Revestimento de fachada, assentados por compressão contra argamassa fresca.",,,,
Azulejo-PE 66-1-1,Porto/Portugal,A.A.Costa & C Fa - Antonio Almeida de Costa e Cia. das Devezas de Vila Nova de Gaia ou Desterro,"13,5 x 13,5cm",Cerâmica e vidrado Estampilha,Travessa Padre Eutiquio n° 1508,Batista Campos,"Revestimento de fachada, assentados por compressão contra argamassa fresca.",13.5,13.5,-1.4601358,-48.4913805
Azulejo-PE 67-1-1,Portugal Semelhante ao padrão holandês,,13 x 13cm,Cerâmica e vidrado Estampilha,Travessa Rui Barbosa n° 773,Nazaré,"Revestimento de fachada, assentados por compressão contra argamassa fresca.",13,13,-1.4490884063042222,-48.49020875525938
Azulejo-PE 68-1-1,Provavelmente Portugal,,13 x 13cm,Cerâmica e vidrado Estampilha,Rua siqueira Mendes n° 144,Cidade Velha,"Revestimento de fachada, assentados por compressão contra argamassa fresca.",13,13,-1.4574475,-48.5058142
Azulejo-PE 69-1-1,Provavelmente Portugal,,,Cerâmica e vidrado Estampilha,Rua Rodrigues Santos n° 295,Cidade Velha,"Revestimento de fachada, assentados por compressão contra argamassa fresca.",,,,
Azulejo-PE 70-1-1,Portugal,Padrão semelhante da V&B - Mettlach n° 107,"14,9 x 14,9cm",Cerâmica e vidrado Estampilha,Praça da Bandeira n° 72,Campina,"Revestimento de fachada, assentados por compressão contra argamassa fresca.",14.9,14.9,-1.4548975,-48.5001725
Azulejo-PE 71-1-1,Provavelmente Portugal,,"13,6 x 13,6cm",Cerâmica e vidrado Estampilha,Rua Padre Prudêncio n° 488,Campina,"Revestimento de fachada, assentados por compressão contra argamassa fresca.",13.6,13.6,,
Azulejo-PE 72-1-1,Provavelmente Porto/Portugal,,,Cerâmica e vidrado Estampilha,"Avenida Serzedelo Correa n° 1058, s/n° e 1048",Batista Campos,"Revestimento de fachada, assentados por compressão contra argamassa fresca.",,,-1.4577324,-48.490301
Azulejo-PE 73-1-1,Provavelmente Portugal,,13 x 13cm,Cerâmica e vidrado Estampilha,Travessa Dom Romulado de Seixas n° 1718; Avenida Nazaré n° 31,Nazaré/Umarizal,"Revestimento de fachada, assentados por compressão contra argamassa fresca.",13,13,,
Azulejo-PE 74-1-1,Portugal,,,Cerâmica e vidrado Estampilha,Rua Conselheiro João Alfredo n° 196; Avenida Portugal n° 55; Travessa Benjamin Constant n° 1416,Campina/Nazaré,"Revestimento de fachada, assentados por compressão contra argamassa fresca.",,,-1.452921256729105,-48.50161672785188
Azulejo-PE 75-1-1,Porto/Portugal,Cerâmica Carvalhinho - Padrão semelhante da V&B - Mettlach n° 164,,Cerâmica e vidrado Estampilha,Demolido antes de 1986,,"Revestimento de fachada, assentados por compressão contra argamassa fresca.",,,,
Azulejo-PE 76-1-1,Porto/Portugal,Cerâmica Carvalhinho,14 x 14cm,Cerâmica e vidrado Estampilha,Rua Ó de Almeida n° 755 e 757/759,Reduto,"Revestimento de fachada, assentados por compressão contra argamassa fresca.",14,14,-1.1386998,-48.448846
Azulejo-PE 77-1-1,Provavelmente Porto/Portugal,,"13,2 x 13,2cm",Cerâmica e vidrado Estampilha,Rua Senador Manoel Barata n° 123,Campina,"Revestimento de fachada, assentados por compressão contra argamassa fresca.",13.2,13.2,-1.4450958,-48.4902637
Azulejo-PE 77-1-2,Provavelmente Porto/Portugal,,"13,2 x 13,2cm",Cerâmica e vidrado Estampilha,Travessa Félix Roque n° 135; Avenida Nazaré n° 293 e 305,Cidade Velha/Nazaré,"Revestimento de fachada, assentados por compressão contra argamassa fresca.",13.2,13.2,-1.4565333,-48.5054977
Azulejo-PE 78-1-1,Porto/Portugal,,"13,2 x 13,2cm",Cerâmica e vidrado Estampilha,Travessa Benjamin Constant n° 1006 e 1012,Nazaré,"Revestimento de fachada, assentados por compressão contra argamassa fresca.",13.2,13.2,-1.4512940912501606,-48.490112702629624
Azulejo-PE 79-1-1,Porto/Portugal,,"13,3 x 13,3cm",Cerâmica e vidrado Estampilha,Rua Marques de Pombal n° 128/130,Campina,"Revestimento de fachada, assentados por compressão contra argamassa fresca.",13.3,13.3,,
Azulejo-PE 80-1-1,Harlingen/Holanda,"Van Hurlst e Koninklijke Tichelaar, Makkum","12,8 x 12,8cm",Cerâmica e vidrado Estampilha,Rua Aristides Lobo n° 488; Rua Arcipreste Manoel Teodoro n° 756,Campina/Batista Campos,"Revestimento de fachada, assentados por compressão contra argamassa fresca.",12.8,12.8,-1.4516134,-48.4964524
Azulejo-PE 81-1-1,Lisboa/Portugal,,"13,3 x 13,3cm",Cerâmica e vidrado Estampilha,Demolido antes de 1986,,"Revestimento de fachada, assentados por compressão contra argamassa fresca.",13.3,13.3,,
Azulejo-PE 82-1-1,Provavelmente Portugal,,14 x 14cm,Cerâmica e vidrado Estampilha,Rua Cametá n° 125 e 133,Cidade Velha,"Revestimento de fachada, assentados por compressão contra argamassa fresca.",14,14,-1.4588160194244604,-48.50321370431654
Azulejo-PE 83-1-1,Porto/Portugal,Devezas de Vila Nova de Gaia,"13,5 x 13,5cm",Cerâmica e vidrado Estampilha,Rua 15 de Novembro n° 43/57,Campina,"Revestimento de fachada, assentados por compressão contra argamassa fresca.",13.5,13.5,-1.4521017,-48.5019901
Azulejo-PE 84-1-1,Lisboa/Portugal,Viúva Lamego,"13,7 x 13,7cm",Cerâmica e vidrado Estampilha,Rua Gaspar Viana n° 180/182; Travessa Leão XIII n° 21,Campina,"Revestimento de fachada, assentados por compressão contra argamassa fresca.",13.7,13.7,-1.4460356,-48.4943324
Azulejo-PE 85-1-1,Porto/Portugal,,14 x 14cm,Cerâmica e vidrado Estampilha,Travessa Dom Romulado de Seixas n° 613,Umarizal,"Revestimento de fachada, assentados por compressão contra argamassa fresca.",14,14,,
Azulejo-PE 86-1-1,Provavelmente Portugal,,"13,5 x 13,5cm",Cerâmica e vidrado Estampilha,Travessa Campos Sales n° 591,Campina,"Revestimento de fachada, assentados por compressão contra argamassa fresca.",13.5,13.5,-1.4514013,-48.5018003
Azulejo-PE 87-1-1,Porto/Portugal,Provavelmente Fábrica das Devezas,13 x 13cm,Cerâmica e vidrado Estampilha,Travessa Campos Sales n° 484/490,Campina,"Revestimento de fachada, assentados por compressão contra argamassa fresca.",13,13,-1.4543075,-48.4978101
Azulejo-PE 87-1-2,Porto/Portugal,Provavelmente Fábrica das Devezas,13 x 13cm,Cerâmica e vidrado Estampilha,Avenida 16 de Novembro n° 406,Cidade Velha,"Revestimento de fachada, assentados por compressão contra argamassa fresca.",13,13,-1.4635071,-48.4953139
Azulejo-PE 88-1-1,Porto/Portugal,,"13,5 x 13,5cm",Cerâmica e vidrado Estampilha,Avenida Conselheiro Furtado n° 561,Batista Campos,"Revestimento de fachada, assentados por compressão contra argamassa fresca.",13.5,13.5,-1.4590718,-48.49037264939759
Azulejo-PE 89-1-1,Porto/Portugal,A.A.Costa & C Fa das Devezas,14 x 14cm,Cerâmica e vidrado Estampilha,Rua dos Tamoios n° 1587,Batista Campos,"Revestimento de fachada, assentados por compressão contra argamassa fresca.",14,14,-1.4611257252501118,-48.49169334868485
Azulejo-PE 90-1-1,Portugal,,"13,4 x 13,4cm",Cerâmica e vidrado Estampilha,Travessa Quintino Bocaiúva n° 579; Rua 28 de Setembro n° 1181/1183,Reduto,"Revestimento de fachada, assentados por compressão contra argamassa fresca.",13.4,13.4,-0.7490741,-48.0223579
Azulejo-PE 91-1-1,Portugal,A.A.Costa & C Fa das Devezas,14 x 14cm,Cerâmica e vidrado Estampilha,Travessa Frutuoso Guimarães n° 403; Rua Ó de Almeida n° 179,Campina,"Revestimento de fachada, assentados por compressão contra argamassa fresca.",14,14,-1.4529655,-48.4985414
Azulejo-PE 92-1-1,Porto/Portugal,A.A.Costa & C Fa das Devezas,14 x 14cm,Cerâmica e vidrado Estampilha,Rua Governador Magalhaes Barata n° 33; Travessa Rui Barbosa n° 1361; Travessa Dr. Moraes n° 31; Travessa São Francisco n° 60; Rua Senador Manoel Barata n° 153 e 157; Avenida Magalhães Barata n° 695; Travessa Padre Eutiquio n° 987; Travessa Campos Sales n° 600 e 604; Travessa Dr. Moraes n° 31 ,"Campina/Nazaré/
São Brás","Revestimento de fachada, assentados por compressão contra argamassa fresca.",14,14,-1.6243161,-48.8055244
Azulejo-PE 92-2-2,Portugal,FC - Ceramica Carvalhinho,"14,2 x 14,2cm",Cerâmica e vidrado Estampilha,Travessa benjamin Constant n° 452,Reduto,"Revestimento de fachada, assentados por compressão contra argamassa fresca.",14.2,14.2,-1.4475209835856702,-48.49302026556373
Azulejo-PE 93-1-1,Lisboa/Portugal,Viúva Lamego - Composição dos Azulejos de Caixilho,"13,5 x 13,5cm",Cerâmica e vidrado Estampilha,Demolido antes de 1986,,"Revestimento de fachada, assentados por compressão contra argamassa fresca.",13.5,13.5,,
Azulejo-PE 93-1-2,Lisboa/Portugal,Viúva Lamego - Composição dos Azulejos de Caixilho,"13,3 x 13,3cm",Cerâmica e vidrado Estampilha,Demolido antes de 1986,,"Revestimento de fachada, assentados por compressão contra argamassa fresca.",13.3,13.3,,
Azulejo-PE 94-1-1,Porto/Portugal,,,Cerâmica e vidrado Estampilha,Travessa Benjamin Cosntant n° 1401,Nazaré,"Revestimento de fachada, assentados por compressão contra argamassa fresca.",,,,
Azulejo-PE 95-1-1,Porto/Portugal,Massarelos,,Cerâmica e vidrado Estampilha,Rua dos Tamoios n° 1609 (Demolido antes de 2007),Batista Campos,"Revestimento de fachada, assentados por compressão contra argamassa fresca.",,,,
Azulejo-PE 96-1-1,Porto/Portugal,Massarelos,,Cerâmica e vidrado Estampilha,Rua dos Tamoios n° 1595,Batista Campos,"Revestimento de fachada, assentados por compressão contra argamassa fresca.",,,-1.4610575102975556,-48.491642051178985
Azulejo-PE 97-1-1,Porto/Portugal,Massarelos,"13,3 x 13,3cm",Cerâmica e vidrado Estampilha,Travessa Padre Eutiquio n° 1524,Batista Campos,"Revestimento de fachada, assentados por compressão contra argamassa fresca.",13.3,13.3,-1.4602613515073672,-48.49121921704821
"Azulejo-PE 98-1-1 
(Verde Musgo)",,,,Cerâmica e vidrado Estampilha,Rua Oliveira Belo n° 260 e 264,Umarizal,"Revestimento de fachada, assentados por compressão contra argamassa fresca.",,,-1.4414726544658032,-48.481722917465284
"Azulejo-PE 98-1-2
(azul)",,,,Cerâmica e vidrado Estampilha,Travessa Frutuoso Guimarães n° 90 (Demolido antes de 2007),Campinas,"Revestimento de fachada, assentados por compressão contra argamassa fresca.",,,,
Azulejo-PE 99-1-1,,,15 x 15 cm,Cerâmica e vidrado Estampilha,"Travessa Frutuoso Guimarães n° 400, 441, 584, 590, 596 e 602; Travessa Presidente Pernambuco n° 204; Rua Riachuelo n° 159; Rua Ó de Almeida n° 125 e s/n°; Avenida Conselheiro Furtado n° 400; Avenida 16 de Novembro n° 480","Cidade Velha/Campina/
Batista Campos","Revestimento de fachada, assentados por compressão contra argamassa fresca.",15,15,-1.4539273937004042,-48.49733882564526
Azulejo-PE 99-1-2 (Verde),,,15 x 15 cm,Cerâmica e vidrado Estampilha,Travessa Frutuoso Guimarães n° 565,Campina,"Revestimento de fachada, assentados por compressão contra argamassa fresca.",15,15,-1.4536498849710981,-48.497463438728325
Azulejo-PE 100-1-1,Provavelmente Portugal,Semelhante a padrão Valenciano,"14,1 x 14,1 cm",Cerâmica e vidrado Estampilha,Travessa Rui Barbosa n° 717 e 723; Travessa São Francisco n° 60,Campina/Reduto,"Revestimento de fachada, assentados por compressão contra argamassa fresca.",14.1,14.1,-1.4490559207940168,-48.49163947468035
Azulejo-PE 100-1-2,Provavelmente Portugal,Semelhante a padrão Valenciano,"14,1 x 14,1 cm",Cerâmica e vidrado Estampilha,Travessa 7 de Setembro n° 243,Campina,"Revestimento de fachada, assentados por compressão contra argamassa fresca.",14.1,14.1,-1.2396793,-48.3238471
Azulejo-PE 101-1-1,Portugal,,,Cerâmica e vidrado Estampilha,Demolido antes de 1986,,"Revestimento de fachada, assentados por compressão contra argamassa fresca.",,,,
Azulejo-PE 102-1-1,Portugal,,,Cerâmica e vidrado Estampilha,Travessa Pedro Albuquerque n° 145,Cidade Velha,"Revestimento de fachada, assentados por compressão contra argamassa fresca.",,,,
Azulejo-PE 103-1-1,,"St. Henry Marseille Arnaud, Etienne et Cie","10,8 x 10,8 cm",Cerâmica e vidrado Estampilha,Demolido antes de 1986,,"Revestimento de fachada, assentados por compressão contra argamassa fresca.",10.8,10.8,,
Azulejo-PE 104-1-1,Marseille/França,"St. Henry Marseille Arnaud, Etienne et Cie","10,8 x 10,8 cm",Cerâmica e vidrado Estampilha,Travessa Rui Barbosa n° 1023,Nazaré,"Revestimento de fachada, assentados por compressão contra argamassa fresca.",10.8,10.8,-1.4510440827530424,-48.48869369827755
Azulejo-PE 105-1-1,Marseille/França,"St. Henry Marseille Arnaud, Etienne et Cie","10,8 x 10,8 cm",Cerâmica e vidrado Estampilha,Demolido antes de 1986,,"Revestimento de fachada, assentados por compressão contra argamassa fresca.",10.8,10.8,,
Azulejo-PE 106-1-1,Marseille/França,"St. Henry Marseille Arnaud, Etienne et Cie",19 x 19 cm,Cerâmica e vidrado Estampilha,Demolido antes de 1986,,"Revestimento de fachada, assentados por compressão contra argamassa fresca.",19,19,,
Azulejo-PE 107-1-1,Marseille/França,"St. Henry Marseille Arnaud, Etienne et Cie",19 x 19 cm,Cerâmica e vidrado Estampilha,Demolido antes de 1986,,"Revestimento de fachada, assentados por compressão contra argamassa fresca.",19,19,,
Azulejo-PE 108-1-1,Portugal,Inspirado no Padrão V&B in Mettlach n° catálogo 1008],,Cerâmica e vidrado Estampilha,Rua Aristides Lobo n° 128 e 134,Campina,"Revestimento de fachada, assentados por compressão contra argamassa fresca.",,,-1.4516134,-48.4964524
Azulejo-PE 109-1-1,Alemanha,Villeroy & Boch in Mettlach - n° catálogo 147,,Cerâmica e vidrado Estampilha,"Travessa Dr. Moraes n° 85, 91, 107 e 115",Nazaré,"Revestimento de fachada, assentados por compressão contra argamassa fresca.",,,-1.45447,-48.4906242
Azulejo-PE 109-2-2,Porto/Portugal,A.A.Costa & C Fa das Devezas,14 x 14 cm,Cerâmica e vidrado Estampilha,"Travessa Padre Eutiquio n° 1192, 1198, 1204 e 1206",Batista Campos/Nazaré/Campina,"Revestimento de fachada, assentados por compressão contra argamassa fresca.",14,14,-1.4584488014662222,-48.493668672712055
Azulejo-PE 109-2-3,Porto/Portugal,A.A.Costa & C Fa das Devezas,14 x 14 cm,Cerâmica e vidrado Estampilha,"Travessa Frutuoso Guimarães n° 605; Rua Siqueira Mendes n° 139; Rua Senador Manoel Barata n° 147; Rua dos Mundurucus n° 619; Rua Gama Abreu n° 1190 e 1202; Rua Arcipreste Manoel Teodoro n°462, 470, 476, 478 e 508; Rua Tomázia Perdigão n° 174/178; Travessa Padre Eutiquio n° 1274, 1282, 1286/1288, 1294, e s/n°; Rua Conselheiro Furtado n° 412; Travessa São Francisco n° 60 e Travessa Campos Sales n° 567; Rua 13 de Maio n° 38/40",Cidade Velha/Campina/Batista Campos,"Revestimento de fachada, assentados por compressão contra argamassa fresca.",14,14,-1.453843306936416,-48.497198005202314
Azulejo-PE 109-3-3,Porto/Portugal,A.A.Costa & C Fa das Devezas,14 x 14 cm,Cerâmica e vidrado Estampilha,Rua 28 de Setembro n° 1040 e 1046; Travessa Campos Sales n° 484/490,Reduto/Campina,"Revestimento de fachada, assentados por compressão contra argamassa fresca.",14,14,-1.450574,-48.4982834
Azulejo-PE 110-1-1,Alemanha,Villeroy & Boch Fabrik in Mettlach - n° catálogo 228,11 x 11 cm,Cerâmica e vidrado Estampilha,Rua Ó de Almeida n° 128; Rua Riachuelo n° 182,Campina,"Revestimento de fachada, assentados por compressão contra argamassa fresca.",11,11,-1.4466007,-48.4908728
Azulejo-PE 110-2-2,Lisboa e Porto/Portugal,,14 x 14 cm,Cerâmica e vidrado Estampilha,"Travessa Rui Barbosa n° 336A, 346, 352, 358, 364 e 372; Rua 28 de Setembro n° 892; Rua Aristides Lobo n° 292",Reduto/Campina,"Revestimento de fachada, assentados por compressão contra argamassa fresca.",14,14,-1.446168347436383,-48.492690995923255
Azulejo-PE 110-3-3,Lisboa e Porto/Portugal,"Viúva Lamego - Sacavém - Carvalhinho - Calçada dos Cesteiro (Roseira). 
Apelido: Croché","14,2 x 14,2 cm",Cerâmica e vidrado Estampilha,Travessa 7 de Setembro n° 294/298,,"Revestimento de fachada, assentados por compressão contra argamassa fresca.",14.2,14.2,-1.2396793,-48.3238471
Azulejo-PE 110-3-4,Lisboa e Porto/Portugal,"Viúva Lamego - Sacavém - Carvalhinho - Calçada dos Cesteiro (Roseira). 
Apelido: Croché",14 x 14 cm,Cerâmica e vidrado Estampilha,"Rua Senador Manoel Barata n° 162/164/176 e 280; 
Travessa 7 de Setembro n° 294/298; Rua Riachuelo n° 20",Campina,"Revestimento de fachada, assentados por compressão contra argamassa fresca.",14,14,-1.4450958,-48.4902637
Azulejo-PE 110-3-5,Lisboa e Porto/Portugal,"Viúva Lamego - Sacavém - Carvalhinho - Calçada dos Cesteiro (Roseira). 
Apelido: Croché","13,3 x 13,3 cm",Cerâmica e vidrado Estampilha,"Travessa Felix Roque n° 290, 296, 318/326, 334 ou Rua Tomazia Perdigão n° 302; Rua João Diogo n° 516; Avenida Governador José Malcher n° 584, 592, 598, 606 e 614",Cidade Velha/Campina e Nazaré,"Revestimento de fachada, assentados por compressão contra argamassa fresca.",13.3,13.3,-1.4563122,-48.5035953
Azulejo-PE 110-3-6,Lisboa e Porto/Portugal,"Viúva Lamego - Sacavém - Carvalhinho - Calçada dos Cesteiro (Roseira). 
Apelido: Croché","13,5 x 13,5 cm",Cerâmica e vidrado Estampilha,Demolido antes de 1986,,"Revestimento de fachada, assentados por compressão contra argamassa fresca.",13.5,13.5,,
Azulejo-PE 111-1-1,Portugal,Fc - Carvalhinho,"14,2 x 14,2 cm",Cerâmica e vidrado Estampilha,Travessa Benjamin Constant n° 452,Reduto,"Revestimento de fachada, assentados por compressão contra argamassa fresca.",14.2,14.2,-1.4475209835856702,-48.49302026556373
Azulejo-PE 112-1-1,Porto/Portugal,,"13,6 x 13,6 cm",Cerâmica e vidrado Estampilha,Travessa Campos Sales n° 365/375,Campina,"Revestimento de fachada, assentados por compressão contra argamassa fresca.",13.6,13.6,-1.4528332758066587,-48.499698247458014
Azulejo-PE 113-1-1,Porto/Portugal,,"13,5 x 13,5 cm",Cerâmica e vidrado Estampilha,Rua Dr Assis n° 213/215,Cidade Velha,"Revestimento de fachada, assentados por compressão contra argamassa fresca.",13.5,13.5,-1.4574464,-48.5048345
Azulejo-PE 114-1-1,Dresden/Alemanha,Villeroy & Boch - Fabrik in Mettlach - n° catálogo 151,,Cerâmica e vidrado Estampilha,Rua 28 de Setembro n° 990; Avenida Brás de Aguiar n° 53,Reduto/Nazaré,"Revestimento de fachada, assentados por compressão contra argamassa fresca.",,,-1.445856894766447,-48.49392412139636
Azulejo-PE 115-1-1,,,"15,2 x 15,2 cm",Cerâmica e vidrado Estampilha,Avenida Conselheiro Furtado n° 1881; Rua Arcipreste Manoel Teodoro n° 820,Batista Campos,"Revestimento de fachada, assentados por compressão contra argamassa fresca.",15.2,15.2,-1.4564502016928735,-48.48197836865944
Azulejo-PE 116-1-1,,,15 x 15 cm,Cerâmica e vidrado Estampilha,Rua 15 de Novembro n° 194; Avenida Governador José Malcher n° 459,Campina/Nazaré,"Revestimento de fachada, assentados por compressão contra argamassa fresca.",15,15,-1.4522473393032678,-48.50194928035086
Azulejo-PE 117-1-1,Porto/Portugal,,,Cerâmica e vidrado Estampilha,"Travessa 1° de Março n° 363, 331/335/341; Rua Ó de Almeida n° 363",Campina,"Revestimento de fachada, assentados por compressão contra argamassa fresca.",,,,
Azulejo-PE 118-1-1,Porto/Portugal,,,Cerâmica e vidrado Estampilha,Rua Siqueira Mendes n° 158/160; Rua Dr. Malcher n° 145; Travessa Frutuoso Guimarães n° 482 (remendo),Cidade Velha,"Revestimento de fachada, assentados por compressão contra argamassa fresca.",,,-1.4574475,-48.5058142
Azulejo-PE 119-1-1,Porto/Portugal,,,Cerâmica e vidrado Estampilha,Rua Mundurucus n° 1387,Batista Campos,"Revestimento de fachada, assentados por compressão contra argamassa fresca.",,,-1.4584074,-48.4839688
Azulejo-PE 120-1-1,Portugal,,"13,8 x 13,8 cm",Cerâmica e vidrado Estampilha,Demolido,,"Revestimento de fachada, assentados por compressão contra argamassa fresca.",13.8,13.8,,
Azulejo-PE 121-1-1,,,14 x 14 cm,Cerâmica e vidrado Estampilha,Demolido,,"Revestimento de fachada, assentados por compressão contra argamassa fresca.",14,14,,
Azulejo-PE 122-1-1,Portugal,,,Cerâmica e vidrado Estampilha,Demolido antes de 1986,,"Revestimento de fachada, assentados por compressão contra argamassa fresca.",,,,
Azulejo-PE 123-1-1,Lisboa e Porto/Portugal,"Calçada dos Cesteiros (Roseira), Devezas e Carvalhinho",14 x 14 cm,Cerâmica e vidrado Estampilha,Travessa São Francisco n° 60; Avenida 16 de Novembro n° 632,Cidade Velha/Campina,"Revestimento de fachada, assentados por compressão contra argamassa fresca.",14,14,-1.2956136,-48.4725751
Azulejo-PE 124-1-1,,,15 x 15 cm,Cerâmica e vidrado Estampilha,Rua Riachuelo n° 83 e 99; Travessa Campos Sales n° 573,Campina,"Revestimento de fachada, assentados por compressão contra argamassa fresca.",15,15,-1.4543145852279937,-48.497872201002025
Azulejo-PE 125-1-1,,,15 x 15 cm,Cerâmica e vidrado Estampilha,Travessa Quintino Bocaiúva n° 1226,Nazaré,"Revestimento de fachada, assentados por compressão contra argamassa fresca.",15,15,-0.7490741,-48.0223579
Azulejo-PE 126-1-1,,,15 x 15 cm,Cerâmica e vidrado Estampilha,Rua Riachuelo n° 83 e 99; Travessa Campos Sales n° 573,Campina,"Revestimento de fachada, assentados por compressão contra argamassa fresca.",15,15,-1.4543145852279937,-48.497872201002025
Azulejo-PE 127-1-1,,,15 x 15 cm,Cerâmica e vidrado Estampilha,Demolido antes de 1986,,"Revestimento de fachada, assentados por compressão contra argamassa fresca.",15,15,,
Azulejo-PE 128-1-1,Longwy/França e Portugal,A.A.Costa & C Fa das Devezas de Vila Nova de Gaia - Longwy - Ceramica Carvalhinho,"14,3 x 14,3 cm",Cerâmica e vidrado Estampilha,Travessa Piedade n° 322,Reduto,"Revestimento de fachada, assentados por compressão contra argamassa fresca.",14.3,14.3,-1.4489227273019971,-48.494453331400244
Azulejo-PE 129-1-1,Lisboa/Portugal,,13 x 13 cm,Cerâmica e vidrado Estampilha,Demolido antes de 1986,,"Revestimento de fachada, assentados por compressão contra argamassa fresca.",13,13,,
Azulejo-PE 130-1-1,Longwy/França,Longwy,"15 x 15 x 0,8 cm",Cerâmica e vidrado Estampilha,Demolido antes de 1986,,"Revestimento de fachada, assentados por compressão contra argamassa fresca.",15,15,,
Azulejo-PE 131-1-1,,,"14 x 14 x 0,8 cm",Cerâmica e vidrado Estampilha,Demolido antes de 1986,,"Revestimento de fachada, assentados por compressão contra argamassa fresca.",14,14,,
Azulejo-PE 132-1-1,,,13 x 13 cm,Cerâmica e vidrado Estampilha,Demolido antes de 1986,,"Revestimento de fachada, assentados por compressão contra argamassa fresca.",13,13,,
Azulejo-PE 133-1-1,,H - TE Boulenger & Cie Faiencerie de Choisy Le-Roi,21 x 21 cm,Cerâmica e vidrado Estampilha,Demolido antes de 1986,,"Revestimento de fachada, assentados por compressão contra argamassa fresca.",21,21,,
Azulejo-PE 134-1-1,,,11 x 11 cm,Cerâmica e vidrado Estampilha,Demolido antes de 1986,,"Revestimento de fachada, assentados por compressão contra argamassa fresca.",11,11,,
Azulejo-PE 135-1-1,,,13 x 13 cm,Cerâmica e vidrado Estampilha,Avenida Gentil Bittencourt n° 63,Batista Campos,"Revestimento de fachada, assentados por compressão contra argamassa fresca.",13,13,-1.4552151,-48.4548761
Azulejo-PE 136-1-1,Marseille/França,,11 x 11 cm,Cerâmica e vidrado Estampilha,Demolido antes de 1986,,"Revestimento de fachada, assentados por compressão contra argamassa fresca.",11,11,,
Azulejo-PE 137-1-1,,,,Cerâmica e vidrado Estampilha,Rua Veiga Cabral n° 1352,Batista Campos,"Revestimento de fachada, assentados por compressão contra argamassa fresca.",,,-1.1673305,-48.4639004
Azulejo-PE 138-1-1,Lisboa e Porto/Portugal,"Viúva Lamego - Devezas - Desterro.
Apelido: Pintinhas",14 x 14 cm,Cerâmica e vidrado Estampilha,Demolido antes de 1986,,"Revestimento de fachada, assentados por compressão contra argamassa fresca.",14,14,,
Azulejo-PE 139-1-1,Marseille/França,Sr Henry Marseille - Arnaud Etienne & Cie,11 x 11 cm,Cerâmica e vidrado Estampilha,Demolido antes de 1986,,"Revestimento de fachada, assentados por compressão contra argamassa fresca.",11,11,,
Azulejo-PE 140-1-1,Longwy/França,Longwy,11 x 11 cm,Cerâmica e vidrado Estampilha,Demolido antes de 1986,,"Revestimento de fachada, assentados por compressão contra argamassa fresca.",11,11,,
Azulejo-PE 141-1-1,Longwy/França,Longwy,,Cerâmica e vidrado Estampilha,Travessa Padre Prudêncio n° 262,Campina,"Revestimento de fachada, assentados por compressão contra argamassa fresca.",,,-1.4524806377280561,-48.497932478758365
Azulejo-PE 142-1-1,França,Longwy,11 x 11 cm,Cerâmica e vidrado Estampilha,Demolido antes de 1986,,"Revestimento de fachada, assentados por compressão contra argamassa fresca.",11,11,,
Azulejo-PE 143-1-1,Dresden/Alemanha,Villeroy & Boch Mosaik Fabrik,15 x 15 cm,Cerâmica e vidrado Estampilha,Demolido antes de 1986,,"Revestimento de fachada, assentados por compressão contra argamassa fresca.",15,15,,
Azulejo-PE 144-1-1,Porto/Portugal,Devezas,14 x 14 cm,Cerâmica e vidrado Estampilha,Demolido antes de 1986,,"Revestimento de fachada, assentados por compressão contra argamassa fresca.",14,14,,
Azulejo-PE 145-1-1,Porto/Portugal,Carvalhinho ou Devezas,"15,3 x 15,3 cm",Cerâmica e vidrado Estampilha,Travessa São Francisco n° 60,Campina,"Revestimento de fachada, assentados por compressão contra argamassa fresca.",15.3,15.3,-1.2956136,-48.4725751
Azulejo-PE 145-1-2,Porto/Portugal,Carvalhinho ou Devezas,"15,3 x 15,3 cm",Cerâmica e vidrado Estampilha,Demolido antes de 1986,,"Revestimento de fachada, assentados por compressão contra argamassa fresca.",15.3,15.3,,
Azulejo-PE 146-1-1,Portugal,,,Cerâmica e vidrado Estampilha,Cemitério de Nossa Senhora da Soledade,Nazaré,"Revestimento, assentados por compressão contra argamassa fresca.",,,-1.45729595,-48.489598310134305
Azulejo-PE 147-1-1,Portugal,,,Cerâmica e vidrado Estampilha,Cemitério de Nossa Senhora da Soledade,Nazaré,"Revestimento de fachada, assentados por compressão contra argamassa fresca.",,,-1.45729595,-48.489598310134305
Azulejo-PE 148-1-1,,,10 x 10 cm,Cerâmica e vidrado Estampilha,Rua João Diogo n° 492,Campina,"Revestimento de fachada, assentados por compressão contra argamassa fresca.",10,10,-1.4549318,-48.4990226
Azulejo-PE 149-1-1,,,,Cerâmica e vidrado Estampilha,Avenida Assis de Vasconcelos n° 414,Campina,"Revestimento de fachada, assentados por compressão contra argamassa fresca.",,,-1.449341,-48.49521386666667
Azulejo-PE 150-1-1,,,14 x 14 cm,Cerâmica e vidrado Estampilha,Demolido antes de 1986,,"Revestimento de fachada, assentados por compressão contra argamassa fresca.",14,14,,
Azulejo-PE 151-1-1,Portugal,,"13,5 x 13,5 cm",Cerâmica e vidrado Estampilha,Demolido antes de 1986,,"Revestimento de fachada, assentados por compressão contra argamassa fresca.",13.5,13.5,,
Azulejo-PE 152-1-1,Portugal,,13 x 13 cm,Cerâmica e vidrado Estampilha,Demolido antes de 1986,,"Revestimento de fachada, assentados por compressão contra argamassa fresca.",13,13,,
Azulejo-PE 153-1-1,Portugal,,"13,5 x 13,5 cm",Cerâmica e vidrado Estampilha,Demolido antes de 1986,,"Revestimento de fachada, assentados por compressão contra argamassa fresca.",13.5,13.5,,
Azulejo-PE 154-1-1,,Semelhante ao padrão Holandês,"13,5 x 13,5 cm",Cerâmica e vidrado Estampilha,Travessa Frutuoso Guimarães n° 529; Travessa Quintino Bocaiúva n° 946/932,Campina/Reduto,"Revestimento de fachada, assentados por compressão contra argamassa fresca.",13.5,13.5,-1.4534758052023122,-48.49770232890174
Azulejo-PE 155-1-1,,,,Cerâmica e vidrado Estampilha,Travessa Frutuoso Guimarães n° 692,Campina,"Revestimento de fachada, assentados por compressão contra argamassa fresca.",,,-1.454471431147541,-48.4965808442623
Azulejo-PE 156-1-1,Alemanha,Villeroy & Boch Mosaik Fabrik in Mettlach - n° do Catálogo 77,,Cerâmica e vidrado Estampilha,Demolido antes de 1986,,"Revestimento de fachada, assentados por compressão contra argamassa fresca.",,,,
Azulejo-PE 157-1-1,Alemanha,Villeroy & Boch Mosaik Fabrik in Mettlach - n° do Catálogo 78,,Cerâmica e vidrado Estampilha,Demolido antes de 1986,,"Revestimento de fachada, assentados por compressão contra argamassa fresca.",,,,
Azulejo-PE 158-1-1,Porto/Portugal,Carvalhinho,14 x 14 cm,Cerâmica e vidrado Estampilha,Demolido antes de 1986,,"Revestimento de fachada, assentados por compressão contra argamassa fresca.",14,14,,
Azulejo-PE 159-1-1,Alemanha,Semelhante ao Villeroy & Boch Mosaik Fabrik in Mettlach - n° do Catálogo 31 Inspirado em Padrão Turco (Isnik),,Cerâmica e vidrado Estampilha,Demolido antes de 1986,,"Revestimento de fachada, assentados por compressão contra argamassa fresca.",,,,
Azulejo-PE 160-1-1,,,,Cerâmica e vidrado Estampilha,Travessa Pedro Albuquerque n° 134 e 64; Avenida Gentil Bittencourt n° 2312,Cidade Velha/São Brás,"Revestimento de fachada, assentados por compressão contra argamassa fresca.",,,,
Azulejo-PE 161-1-1,,,"13,5 x 13,5 cm",Cerâmica e vidrado Estampilha,Rua Caripunas n° 1488,Batista Campos,"Revestimento de fachada, assentados por compressão contra argamassa fresca.",13.5,13.5,-2.0052874,-47.9469296
Azulejo-PE 162-1-1,,,"13,5 x 13,5 cm",Cerâmica e vidrado Estampilha,Travessa Padre Prudêncio n° 705; Travessa Apinages n° 429 e 453; Rua Caripunas n° 1500,Campina/Batista Campos,"Revestimento de fachada, assentados por compressão contra argamassa fresca.",13.5,13.5,-1.4554450664764622,-48.49483345905848
Azulejo-PE 163-1-1,,,,Cerâmica e vidrado Estampilha,Travessa Gurupá n° 111; Travessa Rui Barbosa n° 509; Travessa Pedro Albuquerque n° 134 e 64; Travessa Benjamin Constant n° 1415,Cidade Velha/Nazaré,"Revestimento de fachada, assentados por compressão contra argamassa fresca.",,,-1.4596774,-48.5024191
Azulejo-PE 164-1-1,Provavelmente Portugal,,,Cerâmica e vidrado Estampilha,Travessa Benjamin Constante n° 695,Reduto,"Revestimento de fachada, assentados por compressão contra argamassa fresca.",,,,
Azulejo-PE 165-1-1,Provavelmente Portugal,,,Cerâmica e vidrado Estampilha,Travessa São Francisco n° 60,Campina,"Revestimento de fachada, assentados por compressão contra argamassa fresca.",,,-1.2956136,-48.4725751
Azulejo-PE 166-1-1,Porto/Portugal,Carvalhinho,,Cerâmica e vidrado Estampilha,Travessa São Francisco n° 60,Campina,"Revestimento de fachada, assentados por compressão contra argamassa fresca.",,,-1.2956136,-48.4725751
Azulejo-PE 167-1-1,,,15 x 15 cm,Cerâmica e vidrado Estampilha,Demolido antes de 1986,,"Revestimento de fachada, assentados por compressão contra argamassa fresca.",15,15,,
Azulejo-PE 168-1-1,,,"14,5 x 14,5 cm",Cerâmica e vidrado Estampilha,Demolido antes de 1986,,"Revestimento de fachada, assentados por compressão contra argamassa fresca.",14.5,14.5,,
Azulejo-PE 169-1-1,Setubal Salgado - Portugal,,,Cerâmica e vidrado Estampilha,Demolido antes de 1986,,"Revestimento de fachada, assentados por compressão contra argamassa fresca.",,,,
Azulejo-PE 170-1-1,,,,Cerâmica e vidrado Estampilha,Avenida 16 de Novembro n° 394; Rua Carlos Carvalho n° 484 e 488,Cidade Velha,"Revestimento de fachada, assentados por compressão contra argamassa fresca.",,,-1.4635071,-48.4953139
Azulejo-PE 171-1-1,,,,Cerâmica e vidrado Estampilha,Demolido antes de 1986,,"Revestimento de fachada, assentados por compressão contra argamassa fresca.",,,,
Azulejo-PE 172-1-1,,,,Cerâmica e vidrado Estampilha,Avenida 16 de Novembro n° 651,Batista Campos,"Revestimento de fachada, assentados por compressão contra argamassa fresca.",,,-1.4606830792101435,-48.49779983887426
Azulejo-PE 173-1-1,,,,Cerâmica e vidrado Estampilha,Rua 28 de Setembro n° 1170/1066,Reduto,"Revestimento de fachada, assentados por compressão contra argamassa fresca.",,,-1.450574,-48.4982834
Azulejo-PE 174-1-1,,,,Cerâmica e vidrado Estampilha,Rua Manoel Barata n° 1487 (Demolida antes de 2007),Reduto,"Revestimento de fachada, assentados por compressão contra argamassa fresca.",,,-1.0941222,-48.4080931
Azulejo-PE 175-1-1,,,11 x 11 cm,Cerâmica e vidrado Estampilha,Cemitério de Nossa Senhora da Soledade,Nazaré,"Revestimento de fachada, assentados por compressão contra argamassa fresca.",11,11,-1.45729595,-48.489598310134305
Azulejo-PE 176-1-1,Portugal,Devezas,14 x 14 cm,Cerâmica e vidrado Estampilha,Demolido,,"Revestimento de fachada, assentados por compressão contra argamassa fresca.",14,14,,
Azulejo-PE 177-1-1,Porto/Portugal,Fábrica Santo Antonio,14 x 14 cm,Cerâmica e vidrado Estampilha,Demolido,,"Revestimento de fachada, assentados por compressão contra argamassa fresca.",14,14,,
Azulejo-PE 178-1-1,França,Longwy,11 x 11 cm,Cerâmica e vidrado Estampilha,Demolido,,"Revestimento de fachada, assentados por compressão contra argamassa fresca.",11,11,,
Azulejo-PE 179-1-1,,,"12,6 x 12,6 cm",Cerâmica e vidrado Estampilha,Demolido,,"Revestimento de fachada, assentados por compressão contra argamassa fresca.",12.6,12.6,,
Azulejo-PE 180-1-1,,,"13,5 x 13,5 cm",Cerâmica e vidrado Estampilha,Demolido,,"Revestimento de fachada, assentados por compressão contra argamassa fresca.",13.5,13.5,,
Azulejo-PE 181-1-1,Portugal,Devezas,14 x 14 cm,Cerâmica e vidrado Estampilha,Demolido,,"Revestimento de fachada, assentados por compressão contra argamassa fresca.",14,14,,
Azulejo-PE 182-1-1,Portugal,,"13,5 x 13,5 cm",Cerâmica e vidrado Estampilha,Demolido,,"Revestimento de fachada, assentados por compressão contra argamassa fresca.",13.5,13.5,,
Azulejo-PD 1-1-1,Alemanha,Villeroy & Boch,15 x 15 cm,Cerâmica e vidrado Transferência ou impressão (Decalcomania),"Rua Santo Antonio n° 254, 260, 264 e 274/276; Avenida Alcindo Cacela n° 1858; Travessa Padre Eutiquio n° 225; Avenida Castilhos França n° 278",Campina/Nazaré,"Revestimento de fachada, assentados por compressão contra argamassa fresca.",15,15,-2.4159999,-48.1670841
Azulejo-PD 2-1-1,França,H - TE Boulenger & Cie Faiencerie de Choisy Le-Roi/Seine,"10,3 x 10,3 cm",Cerâmica e vidrado Transferência ou impressão (Decalcomania),Demolido antes de 1986,,"Revestimento de fachada, assentados por compressão contra argamassa fresca.",10.3,10.3,,
Azulejo-PD 6-1-2,Alemanha,Steingutfabrik - Witteburg - Farge a/d Weser - semelhante o padrão holândes e o padrão de V&B - Mettlach n° catálogo 41,"14,7 x 14,7 cm",Cerâmica e vidrado Transferência ou impressão (Decalcomania),Travessa Padre Eutiquio n° 381; Rua Angelo Custodio n° 648,Cidade Velha/Campina,"Revestimento e adorno de fachada, assentados por compressão contra argamassa fresca.",14.7,14.7,-1.4540652,-48.4992072
Azulejo-PD 6-2-1,Alemanha,Villeroy & Boch,"14,6 x 14,6 cm",Cerâmica e vidrado Transferência ou impressão (Decalcomania),Demolido antes de 1986,,"Revestimento e adorno de fachada, assentados por compressão contra argamassa fresca.",14.6,14.6,,
Azulejo-PD 13-1-1,França,H - TE Boulenger & Cie Faiencerie de Choisy Le-Roi/Seine,"10,4 x 10,4 cm",Cerâmica e vidrado Transferência ou impressão (Decalcomania),"Travessa Dom Romualdo de Seixas n° 605; Travessa Félix Roque n° 260, 268 e 316; Rua Dr. Malcher n° 477; Travessa Rui Barbosa n° 1023; Avenida Portugal n° 57; Rua Marques de Pombal n° 76/80; Rua Gaspar Viana n° 283/289; Rua 15 de Novembro n° 13; Avenida Castilho França n° 648",Cidade Velha/Campina/Nazaré/Umarizal,"Revestimento de fachada, assentados por compressão contra argamassa fresca.",10.4,10.4,-1.4374423481049552,-48.49209153687742
Azulejo-PD 14-1-1,França,H - TE Boulenger & Cie Faiencerie de Choisy Le-Roi/Seine,"10,3 x 10,3 cm",Cerâmica e vidrado Transferência ou impressão (Decalcomania),"Rua Ó de Almeida n° 306; Rua Senador Manoel Barata n° 347/351 e 363; Avenida Serzedelo Correa n° 1074 e 1078; Rua Arcipreste Manoel Teodoro n° 594; Avenida 16 de Novembro n° 41, 412, 427 e 443; Rua 18 de Setembro n° 136 e 138/142; Avenida josé Bonifacio n° 1055; Rua Diogo Moia n° 1114",Campina/Batista Campos/Umarizal/São Brás,"Revestimento de fachada, assentados por compressão contra argamassa fresca.",10.3,10.3,-1.4517400302864878,-48.49745373906677
Azulejo-PD 15-1-1,Dresden e Mettlach/Alemanha,Villeroy & Boch Mosaik Fabrik in Mettlach e Dresden - n° catálogo 455,15 x 15 cm,Cerâmica e vidrado Transferência ou impressão (Decalcomania),"Travessa Quintino Bocaiúva n° 616; Rua Ó de Almeida n° 1209, 1227, 1235, 1245; Rua de Nazaré n° 154 e 166",Reduto/Nazaré,"Revestimento de fachada, assentados por compressão contra argamassa fresca.",15,15,-0.7490741,-48.0223579
Azulejo-PD 16-1-1,Dresden e Mettlach/Alemanha,Villeroy & Boch Mosaik Fabrik in Mettlach,"15,3 x 15,3 cm",Cerâmica e vidrado Transferência ou impressão (Decalcomania),Rua Padre Prudêncio n° 556; Avenida José Bonifácio n° 578; Rua Tamoios n° 1644,Campina/Batista Campos/São Brás,"Revestimento de fachada, assentados por compressão contra argamassa fresca.",15.3,15.3,,
Azulejo-PD 17-1-1,Dresden/Alemanha,Villeroy & Boch Mosaik Fabrik in Mettlach e Dresden - n° catálogo 760,,Cerâmica e vidrado Transferência ou impressão (Decalcomania),Rua Ó de Almeida n° 1116; Avenida Assis de Vasconcelos n° 831; Rua Tomázia Perdigão n° 230 e 240; Rua Gaspar Viana n° 152/154/158; Travessa Leão XIII n° 22/24/26; Rua Arcipreste Manoel Teodoro n° 793,Cidade Velha/Campina/Nazaré/Reduto/Batista Campos,"Revestimento de fachada, assentados por compressão contra argamassa fresca.",,,-1.4515412,-48.4973671
Azulejo-PD 18-1-1,Alemanha,,14 x 14 cm,Cerâmica e vidrado Transferência ou impressão (Decalcomania),Rua dos 48 n° 34,Batista Campos,"Revestimento de fachada, assentados por compressão contra argamassa fresca.",14,14,-1.4568441,-48.493543
Azulejo-PD 19-1-1,,,"15,4 x 15,4 cm",Cerâmica e vidrado Transferência ou impressão (Decalcomania),Avenida Generalissimo Deodoro n° 254 e 260; Avenida 16 de Novembro n° 112; Rua  28 de Setembro n° 137,Cidade Velha/Campina/Umarizal,"Revestimento de fachada, assentados por compressão contra argamassa fresca.",15.4,15.4,-1.4597523,-48.4827264
Azulejo-PD 20-1-1,Portugal,Sacavém,"15,4 x 15,4 cm",Cerâmica e vidrado Transferência ou impressão (Decalcomania),Travessa Gurupá n° 250; Avenida Gentil Bittencourt n° 1014/1024,Cidade Velha/Nazaré,"Revestimento de fachada, assentados por compressão contra argamassa fresca.",15.4,15.4,-1.4596774,-48.5024191
Azulejo-PD 21-1-1,Portugal,Villeroy & Boch - Merzig a/Saar - n° catálogo 289,"15,2 x 15,2 cm",Cerâmica e vidrado Transferência ou impressão (Decalcomania),"Rua Dr. Malcher n° 467; Rua ó de Almeida n° 879; Rua Senador Manoel Barata n° 1122, 1186 e 1200; Travessa Piedade n° 298/302/306; Travessa Padre Eutiquio n° 252; Rua 13 de Maio n° 242/252/254",Cidade Velha/Campina/Reduto,"Revestimento de fachada, assentados por compressão contra argamassa fresca.",15.2,15.2,-1.459831177717106,-48.50379423644915
Azulejo-PD 21-1-2,Portugal,Villeroy & Boch - Merzig a/Saar - n° catálogo 289,"15,2 x 15,2 cm",Cerâmica e vidrado Transferência ou impressão (Decalcomania),"Rua Santo Antonio - Palacete ""Paris N'América""",Campina,"Revestimento de fachada, assentados por compressão contra argamassa fresca.",15.2,15.2,,
Azulejo-PD 21-2-1,Portugal,Sacavém/n° do catálogo D125,"15,5 x 15,5 cm",Cerâmica e vidrado Transferência ou impressão (Decalcomania),Rua dos 48 n° 69,Batista Campos ,"Revestimento de fachada, assentados por compressão contra argamassa fresca.",15.5,15.5,-1.4568441,-48.493543
Azulejo-PD 22-1-1,Provavelmente Alemanha,,"15,2 x 15,2 cm",Cerâmica e vidrado Transferência ou impressão (Decalcomania),Rua Ó de Almeida n° 648,Campina,"Revestimento de fachada, assentados por compressão contra argamassa fresca.",15.2,15.2,-1.4515412,-48.4973671
Azulejo-PD 23-1-1,Portugal,Sacavém,"15,6 x 15,6 cm",Cerâmica e vidrado Transferência ou impressão (Decalcomania),Rua dos 48 n° 69,Batista Campos,"Revestimento de fachada, assentados por compressão contra argamassa fresca.",15.6,15.6,-1.4568441,-48.493543
Azulejo-PD 24-1-1,França,,"11,1 x 11,1 cm",Cerâmica e vidrado Transferência ou impressão (Decalcomania),Rua Riachuelo n° 186 e 270,Campina,"Revestimento de fachada, assentados por compressão contra argamassa fresca.",11.1,11.1,-1.4535861522642979,-48.4971511800076
Azulejo-PD 25-1-1,Grohner/Alemanha,Wanden Platenfabrik AG - Grohn ber Bremen,15 x 15 cm,Cerâmica e vidrado Transferência ou impressão (Decalcomania),"Rua Bernardo do Couto n° 785, 791 e 797; Rua Carlos Gomes n° 23, 29 e 37; Rua João Diogo n° 254; Rua Ó de Almeida n° 760; Avenida Nazaré n° 1319; Rua Riachuelo n° 134/138 e 186; Avenida Conselheiro Futado n° 584; Rua Gaspar Viana n° 348; Rua 15 de Novembro n° 15/25; Rua 28 de Setembro n° 982 e 1163 e Rua Alcindo Cacela n° 2074; Avenida Magalhães Barata n° 1319","Umarizal/Campina/
Reduto/Nazaré/Batista Campos","Revestimento de fachada, assentados por compressão contra argamassa fresca.",15,15,,
Azulejo-PD 26-1-1,França,Boch Frères - La Louvière,"12,3 x 12,3 cm",Cerâmica e vidrado Transferência ou impressão (Decalcomania),"Rua Santo Antônio n° 139/153/159, 202, 206/208 e 210/216; Travessa Leão XIII n° 55/79",Campina,"Revestimento de fachada, assentados por compressão contra argamassa fresca.",12.3,12.3,-1.3740364,-48.4321573
Azulejo-PD 27-1-1,Alemanha,Grohner,"15,2 x 15,2 cm",Cerâmica e vidrado Transferência ou impressão (Decalcomania),Travessa 14 de Março n° 1704; Rua Marques  de Pombal n° 118/122; Rua tomázia Perdigão n° 188/190; Rua Dr. Assis n° 667; Travessa Padre Eutiquio n° 397/399; Rua 28 de Setembro n° 1155 e 1177,"Cidade Velha/Campina/
Nazaré/Reduto","Revestimento de fachada, assentados por compressão contra argamassa fresca.",15.2,15.2,-1.4503618916666667,-48.48078641875
Azulejo-PD 28-1-1,Provavelmente Alemanha,,"15,4 x 15,4 cm",Cerâmica e vidrado Transferência ou impressão (Decalcomania),Avenida Senador Lemos n° 797 e 805; Avenida Nazaré n° 148; Avenida Governador José Malcher n° 794; Rua Riachuelo n° 134/138; Travessa Dr. Moraes n° 98; Travessa Campos Sales n° 553; Rua 28 de Setembro n° 1169; Travessa Honorio Santos n° 256,Campina/Nazaré/Reduto/Umarizal/Jurunas,"Revestimento de fachada, assentados por compressão contra argamassa fresca.",15.4,15.4,-1.436465780393806,-48.48724188240356
Azulejo-PD 29-1-1,Alemanha,,"15,6 x 15,6 cm",Cerâmica e vidrado Transferência ou impressão (Decalcomania),Avenida Alcindo Cacela n° 2098 e 2110,Nazaré,"Revestimento de fachada, assentados por compressão contra argamassa fresca.",15.6,15.6,-1.4553715862068966,-48.47750112758621
Azulejo-PD 30-1-1,,,"15,4 x 15,4 cm",Cerâmica e vidrado Transferência ou impressão (Decalcomania),Travessa Piedade n° 341,Reduto,"Revestimento de fachada, assentados por compressão contra argamassa fresca.",15.4,15.4,-1.4488768784436012,-48.49431194896689
Azulejo-PD 30-1-2,,,"15,4 x 15,4 cm",Cerâmica e vidrado Transferência ou impressão (Decalcomania),Avenida Alcindo Cacela n° 1866,Nazaré,"Revestimento de fachada, assentados por compressão contra argamassa fresca.",15.4,15.4,-1.4526785670212767,-48.477737560638296
Azulejo-PD 31-1-1,França,Boulenger & Cie Choisy Le Roi/Siena,"10,3 x 10,3 cm",Cerâmica e vidrado Transferência ou impressão (Decalcomania),Avenida Generalissimo Deodoro n° 354,Campina,"Revestimento de fachada, assentados por compressão contra argamassa fresca.",10.3,10.3,-1.4584014,-48.4826964
Azulejo-PD 32-1-1,França,H - TE Boulenger & Cie Faiencerie de Choisy Le Roi/Siena,"10,3 x 10,3 cm",Cerâmica e vidrado Transferência ou impressão (Decalcomania),Rua Santo Antônio n° 220/222 e 224/226,Campina,"Revestimento de fachada, assentados por compressão contra argamassa fresca.",10.3,10.3,-1.3740364,-48.4321573
Azulejo-PD 33-1-1,,,"15,4 x 15,4 cm",Cerâmica e vidrado Transferência ou impressão,Travessa Dom Pedro n° 830 e 836; Avenida Alcindo Cacela n° 2080 e 2092,Nazaré/Umarizal,"Revestimento de fachada, assentados por compressão contra argamassa fresca.",15.4,15.4,-1.3664239,-48.3084349
Azulejo-PD 34-1-1,,,"14,5 x 14,5 cm",Cerâmica e vidrado Transferência ou impressão,Rua 28 Setembro n° 750/752,Campina,"Revestimento de fachada, assentados por compressão contra argamassa fresca.",14.5,14.5,,
Azulejo-PD 35-1-1,,,"14,6 x 14,6 cm",Cerâmica e vidrado Transferência ou impressão,Rua Ó de Almeida n° 527; Rua Senador Manoel Barata n° 214/216; Rua Gaspar Viena n° 184/190,Campina,"Revestimento de fachada, assentados por compressão contra argamassa fresca.",14.6,14.6,-1.1386998,-48.448846
Azulejo-PD 36-1-1,Alemanha,Villeroy & Boch,"14,5 x 14,5 cm",Cerâmica e vidrado Transferência ou impressão,Rua Inácio Guilhon n° 41; Rua Portugal n° 93,Campina,"Revestimento de fachada, assentados por compressão contra argamassa fresca.",14.5,14.5,-1.4557883,-48.5017929
Azulejo-PD 36-1-2,Alemanha,Villeroy & Boch,"14,6 x 14,6 cm",Cerâmica e vidrado Transferência ou impressão (Decalcomania),Travessa 14 de Abril n° 1561,São Brás/Batista Campos,"Revestimento de fachada, assentados por compressão contra argamassa fresca.",14.6,14.6,-1.4536998246031745,-48.4725032015873
Azulejo-PD 37-1-1,Alemanha,Villeroy & Boch,"15,4 x 15,4 cm",Cerâmica e vidrado Transferência ou impressão (Decalcomania),"Travessa Quintino Bocaiúva n° 1423, 1443 e 1441",Nazaré,"Revestimento de fachada, assentados por compressão contra argamassa fresca.",15.4,15.4,-0.7490741,-48.0223579
Azulejo-PD 38-1-1,,Semelhante ao Padrão da Villroy & Boch - Mettlach - n° do Catálogo 71,15 x 15 cm,Cerâmica e vidrado Transferência ou impressão (Decalcomania),Rua Tomazia Perdigão n° 248,Cidade Velha,"Revestimento de fachada, assentados por compressão contra argamassa fresca.",15,15,-1.4570552,-48.5028955
Azulejo-PD 39-1-1,,,15 x 15 cm,Cerâmica e vidrado Transferência ou impressão (Decalcomania),Travessa Padre Eutiquio n° 1367,Batista Campos,"Revestimento de fachada, assentados por compressão contra argamassa fresca.",15,15,-1.4589141844497444,-48.49260091963362
Azulejo-PD 40-1-1,,,,Cerâmica e vidrado Transferência ou impressão (Decalcomania),Travessa Benjamin Constant n° 1009,Nazaré,"Revestimento de fachada, assentados por compressão contra argamassa fresca.",,,-0.7482875,-48.0242349
Azulejo-PD 41-1-1,,,,Cerâmica e vidrado Transferência ou impressão (Decalcomania),Demolido antes de 1986,,"Revestimento de fachada, assentados por compressão contra argamassa fresca.",,,,
Azulejo-PD 42-1-1,,,,Cerâmica e vidrado Transferência ou impressão (Decalcomania),Avenida Castilhos França s/n°,Campina,"Revestimento de fachada, assentados por compressão contra argamassa fresca.",,,,
Azulejo-PD 43-1-1,,Hughes & Son,"15,2 x 15,2 cm",Cerâmica e vidrado Transferência ou impressão (Decalcomania),Demolido,,"Revestimento de fachada, assentados por compressão contra argamassa fresca.",15.2,15.2,,
Azulejo-PD 44-1-1,,,"15,4 x 15,4 cm",Cerâmica e vidrado Transferência ou impressão (Decalcomania),Demolido,,"Revestimento de fachada, assentados por compressão contra argamassa fresca.",15.4,15.4,,
Azulejo-PI 1-1-1,Semelhante ao da Inglaterra,,,Cerâmica e vidrado Transferência ou impressão,Demolido antes de 1986,,"Revestimento de fachada, assentados por compressão contra argamassa fresca.",,,,
Azulejo-PI 2-1-1,Alemanha,"Utzschneider & Cie, Saargemund (pós-1880)",,Cerâmica e vidrado Transferência ou impressão (Decalcomania),Demolido antes de 1986,,"Revestimento de fachada, assentados por compressão contra argamassa fresca.",,,,
Azulejo-PI 3-1-1,Portugal,Carvalhinho,"10,9 x 10,9 cm",Cerâmica e vidrado Estampilha,Avenida Conselheiro Furtado n° 456,Batista Campos,"Revestimento de fachada, assentados por compressão contra argamassa fresca.",10.9,10.9,-1.4587280378659047,-48.491165236638786
Azulejo-PI 4-1-1,,,"15,1 x 15,1 cm",Cerâmica e vidrado Estampilha,Avenida Generalíssimo Deodoro n° 1130,Nazaré,"Revestimento de fachada, assentados por compressão contra argamassa fresca.",15.1,15.1,-1.4509731755918696,-48.48292281427052
Azulejo-PI 5-1-1,,,"15,1 x 15,1 cm",Cerâmica e vidrado Estampilha,Avenida Generalíssimo Deodoro n° 384; Avenida Gentil Bittencourt n° 49; Travessa Major Joaquim Távora n° 503; Rua Senador Manoel Barata n° 125,Cidade Velha/Campina/Nazaré/Batista Campos,"Revestimento de fachada, assentados por compressão contra argamassa fresca.",15.1,15.1,-1.4438646516134286,-48.48294194325456
Azulejo-PI 6-1-1,,,"15,2 x 15,2 cm",Cerâmica e vidrado Estampilha,Rua Senador Manoel Barata n° 1343,Reduto,"Revestimento de fachada, assentados por compressão contra argamassa fresca.",15.2,15.2,-1.4469525821031384,-48.49144937782847
Azulejo-PI 7-1-1,,,"15,2 x 15,2 cm",Cerâmica e vidrado Estampilha,Rua Senador Manoel Barata n° 1343; Rua Tiradentes n° 514,Reduto,"Revestimento de fachada, assentados por compressão contra argamassa fresca.",15.2,15.2,-1.4469525821031384,-48.49144937782847
Azulejo-PMR 1-1-1,Provavelmente Alemanha,Semelhante a Villeroy & Boch Mosaik Fabrik in Mettlach,"15,3 x 15,3 cm",Cerâmica e vidrado Meio-relevo,Travessa Campos Sales n° 280,Campina,"Revestimento de fachada, assentados por compressão contra argamassa fresca.",15.3,15.3,-1.456041237444934,-48.49559878370044
Azulejo-PMR 2-1-1,,,,Cerâmica e vidrado Meio-relevo,Mercado de São Brás - Avenida Magalhães Barata esquina da Avenida José Bonifácio - Largo de São Brás,São Brás,"Revestimento de fachada, assentados por compressão contra argamassa fresca.",,,,
Azulejo-PMR 3-1-1,Provavelmente Alemanha,,94 x 4 x 93 cm,Cerâmica e vidrado Meio-relevo,Rua Marques de Pombal n° 84/90,Cidade Velha,"Revestimento de fachada, assentados por compressão contra argamassa fresca.",94,4,,
Azulejo-PMR 4-1-1,Alemanha,Villeroy & Boch Mosaik Fabrik in Mettlach (assinado por Peter Behrens),,Cerâmica e vidrado Meio-relevo,Demolido antes de 1986,,"Revestimento de fachada, assentados por compressão contra argamassa fresca.",,,,
Azulejo-PMR 5-1-1,Provavelmente Alemanha,,,Cerâmica e vidrado Meio-relevo,Demolido antes de 1986,,"Revestimento de fachada, assentados por compressão contra argamassa fresca.",,,,
Azulejo-PMR 6-1-1,Provavelmente Inglaterra,"H&R Johnson Ltde.
Crystal Tile Works Cobridge Steaffordshire",,Cerâmica e vidrado Meio-relevo,Demolido antes de 1986,,"Revestimento de fachada, assentados por compressão contra argamassa fresca.",,,,
Azulejo-PMR 7-1-1,Alemanha,Villeroy & Boch Mosaik Fabrik in Mettlach,"17,5 x 17,5 cm",Cerâmica e vidrado Meio-relevo,"Rua Senador Manoel Barata n° 284/298; Rua Dr. Assis n° 586; Travessa Padre Eutiquio n° 298, 859 e 869; Avenida Alcindo Cacela n° 1518",Cidade Velha/Campina/Nazaré,"Revestimento de fachada, assentados por compressão contra argamassa fresca.",17.5,17.5,-1.4537421793517973,-48.50017479353474
Azulejo-PMR 8-1-1,,Servais Werke A.G. Ehrang,15 x 15 cm,Cerâmica e vidrado Meio-relevo,Travessa Quintino Bocaiúva n° 1455,Nazaré,"Revestimento de fachada, assentados por compressão contra argamassa fresca.",15,15,-0.7490741,-48.0223579
Azulejo-PMR 9-1-1,Portugal,A.A.Costa & C Fa das Devezas (Transição século XIX/XX),,Cerâmica e vidrado Meio-relevo,Travessa São Francisco n° 60,Campina,"Revestimento de fachada, assentados por compressão contra argamassa fresca.",,,-1.2956136,-48.4725751
Azulejo-PMR 10-1-1,Provavelmente Inglaterra,,"13,5 x 13,5 cm",Cerâmica e vidrado Meio-relevo,Demolido antes de 1986,,"Revestimento de fachada, assentados por compressão contra argamassa fresca.",13.5,13.5,,
Azulejo-PMR 11-1-1,,,15 x 15 cm,Cerâmica e vidrado Meio-relevo,Demolido antes de 1986,,"Revestimento de fachada, assentados por compressão contra argamassa fresca.",15,15,,
Azulejo-PMR 12-1-1,Alemanha,"Villeroy & Boch, Fabrik in Mettlach (1880)","14,7 x 14,7 cm",Cerâmica e vidrado Meio-relevo,Demolido antes de 1986,,"Revestimento de fachada, assentados por compressão contra argamassa fresca.",14.7,14.7,,
Azulejo-PMR 12-1-2,Alemanha,"Villeroy & Boch, Fabrik in Mettlach (1880)","14,7 x 14,7 cm",Cerâmica e vidrado Meio-relevo,Demolido antes de 1986,,"Revestimento de fachada, assentados por compressão contra argamassa fresca.",14.7,14.7,,
Azulejo-PMR 13-1-1,,,,Cerâmica e vidrado Meio-relevo,Demolido antes de 1986,,"Revestimento de fachada, assentados por compressão contra argamassa fresca.",,,,
Azulejo-PMR 14-1-1,,,,Cerâmica e vidrado Meio-relevo,Demolido antes de 1986,,"Revestimento de fachada, assentados por compressão contra argamassa fresca.",,,,
Azulejo-PMR 15-1-1,,,,Cerâmica e vidrado Meio-relevo,Travessa Rui Barbosa n° 792,Reduto,"Revestimento de fachada, assentados por compressão contra argamassa fresca.",,,-1.4492519966005235,-48.4903212909409
Azulejo-PMR 16-1-1,Portugal,Real Fábrica de Louça - Sacavém - Gilmar & Cia n° 14,"15,5 x 15,5 cm",Cerâmica e vidrado Meio-relevo,Avenida Gentil Bittencourt n° 1537,Nazaré,"Revestimento de fachada, assentados por compressão contra argamassa fresca.",15.5,15.5,-1.4548184048780488,-48.478718012195124
Azulejo-PMR 17-1-1,,,,Cerâmica e vidrado Meio-relevo,Travessa Dom Pedro n° 514,Umarizal,"Revestimento de fachada, assentados por compressão contra argamassa fresca.",,,-1.3664239,-48.3084349
Azulejo-PMR 18-1-1,,,,Cerâmica e vidrado Meio-relevo,Avenida Nazaré n° 725; Travessa Quintíno Bocaiúva n° 1455,Nazaré,"Revestimento de fachada, assentados por compressão contra argamassa fresca.",,,-1.4520714,-48.4791354
Azulejo-PMR 19-1-1,,,,Cerâmica e vidrado Meio-relevo,Avenida Nazaré n° 725; Travessa Quintíno Bocaiúva n° 1455,Nazaré,"Revestimento de fachada, assentados por compressão contra argamassa fresca.",,,-1.4520714,-48.4791354
Azulejo-PMR 20-1-1,Provavelmente Inglaterra,,,Cerâmica e vidrado Meio-relevo,Mercado de Carne Francisco Bolonha (Avenida Castilhos França/Rua 15 de Novembro),Campina,"Revestimento de fachada, assentados por compressão contra argamassa fresca.",,,,
Azulejo-PMR 21-1-1,,,"15,3 x 15,3 cm",Cerâmica e vidrado Meio-relevo,Demolido,,"Revestimento de fachada, assentados por compressão contra argamassa fresca.",15.3,15.3,,
Azulejo-PMR 22-1-1,,,,Cerâmica e vidrado Meio-relevo,Travessa Frutuoso Guimarães n° 90,Campina,"Revestimento de fachada, assentados por compressão contra argamassa fresca.",,,-1.4507730122448979,-48.50143243148688
Azulejo-PR 1-1-4,Porto/Portugal,Massarelos,"13,5 x 13,5 cm",Cerâmica e vidrado Relêvo,Travessa Campos Sales n° 573,Campina,"Revestimento de fachada, assentados por compressão contra argamassa fresca.",13.5,13.5,-1.4514013,-48.5018003
Azulejo-PR 1-1-5,Porto/Portugal,Massarelos ou Devezas,"13,7 x 13,7 cm",Cerâmica e vidrado Relêvo,Travessa Rui Barbosa n° 701,Reduto,"Revestimento de fachada, assentados por compressão contra argamassa fresca.",13.7,13.7,-1.4489342457657937,-48.49173152241884
Azulejo-PR 4-1-1,Porto/Portugal,Provavelmente Massarelos,,Cerâmica e vidrado Relêvo,Demolido antes de 1986,,"Revestimento de fachada, assentados por compressão contra argamassa fresca.",,,,
Azulejo-PR 5-1-1,Porto/Portugal,Santo Antonio do Vale da Piedade (Década 1884),,Cerâmica e vidrado Relêvo,Demolido antes de 1986,,"Revestimento de fachada, assentados por compressão contra argamassa fresca.",,,,
Azulejo-PR 5-1-2,Porto/Portugal,Santo Antonio do Vale da Piedade (Década 1884),,Cerâmica e vidrado Relêvo,Demolido antes de 1986,,"Revestimento de fachada, assentados por compressão contra argamassa fresca.",,,,
Azulejo-PR 5-1-3,Porto/Portugal,Massarelos ou Devezas (Finais século XIX),,Cerâmica e vidrado Relêvo,Demolido antes de 1986,,"Revestimento de fachada, assentados por compressão contra argamassa fresca.",,,,
Azulejo-PR 6-1-1,Sacavém/Portugal,Massarelos ou Devezas ou Santo Antonio do Vale da Piedade,13 x 13 cm,Cerâmica e vidrado Relêvo,Rua 15 de Novembro n° 319,Campina,"Revestimento de fachada, assentados por compressão contra argamassa fresca.",13,13,-1.451286359753481,-48.50141518007384
Azulejo-PR 7-1-1,Porto/Portugal,Massarelos ou Devezas,14 x 14 cm,Cerâmica e vidrado Relêvo,Travessa Frutuoso Guimarães n° 611,Campina,"Revestimento de fachada, assentados por compressão contra argamassa fresca.",14,14,-1.4538723202312138,-48.497158190173415
Azulejo-PR 8-1-1,Porto/Portugal,Massarelos ou Devezas,,Cerâmica e vidrado Relêvo,Demolido antes de 1986,,"Revestimento de fachada, assentados por compressão contra argamassa fresca.",,,,
Azulejo-PR 9-1-1,,,,Cerâmica e vidrado Relêvo,Avenida Presidente Vargas n° 790 (Antiga Pharmacia Central),Campina,"Revestimento de fachada, assentados por compressão contra argamassa fresca.",,,-1.4483679,-48.4984442
Azulejo-PR 10-1-1,,,,Cerâmica e vidrado Relêvo,Avenida Padre Eutiquio n° 2030,Batista Campos,"Revestimento de fachada, assentados por compressão contra argamassa fresca.",,,-1.4747097,-48.4719328
Azulejo-Pmq 1-1-1,Portugal,,"13,5 x 13,5 cm",Cerâmica e vidrado Marmoreado,Travessa Benjamin Constant n° 1416,Nazaré,"Revestimento de fachada, assentados por compressão contra argamassa fresca.",13.5,13.5,-1.4544728,-48.4885186
Azulejo-Pmq 2-1-1,Portugal,,"13,5 x 13,5 cm",Cerâmica e vidrado Marmoreado,Rua tomazia Perdigão n° 62,Cidade Velha,"Revestimento de fachada, assentados por compressão contra argamassa fresca.",13.5,13.5,-1.4570552,-48.5028955
Azulejo-Pmq 3-1-1,,,,Cerâmica e vidrado Marmoreado,Avenida Governador José Malcher n° 459 e 884,Nazaré,"Revestimento de fachada, assentados por compressão contra argamassa fresca.",,,-1.452013,-48.4899527
Azulejo-Pmr 1-2-2,Porto/Portugal,"Antonio Almeida & Cia.
Vila Nova de Gaia","17,5 x 17,5 cm",Cerâmica e vidrado Marmoreado,"Rua Dr. Assis n° 586; Avenida 16 de Novembro n° 41, 421, 427 e 443",Cidade Velha/Batista Campos,"Revestimento de fachada, assentados por compressão contra argamassa fresca.",17.5,17.5,-1.4618538,-48.5044496
Azulejo-Pmr 1-3-3,Portugal,,"17 x 8,5 cm",Cerâmica e vidrado Marmoreado,Avenida Conselheiro Furtado n° 1885; Travessa são Francisco n° 60,Campina/Nazaré,"Revestimento de fachada, assentados por compressão contra argamassa fresca.",17,8.5,-1.456446217437798,-48.48194310369472
Azulejo-Pmr 2-1-1(Branco),,,,Cerâmica e vidrado Marmoreado,Rua Gaspar Viana n° 184/190,Campina,"Revestimento de fachada, assentados por compressão contra argamassa fresca.",,,-1.4460356,-48.4943324
Azulejo-Plr 1 (Branco Leitoso),,,,Cerâmica e vidrado Liso,Avenida Nazaré n° 154 e 166,Batista Campos,"Revestimento de fachada, assentados por compressão contra argamassa fresca.",,,-1.4522521583566916,-48.479149240872445
Azulejo-Plr 2 (Marfim),,,"15,3 x 10 cm",Cerâmica e vidrado Liso,Travessa Campos Sales n° 280 esquina Rua 15 de Novembro,Campina,"Revestimento de fachada, assentados por compressão contra argamassa fresca.",15.3,10,-1.456041237444934,-48.49559878370044
Azulejo-Plr 3-1 (Marfim),,,18 x12 cm,Cerâmica e vidrado Liso e bisotado,Travessa Castelo Branco n° 1258; Travessa São Francisco n° 60,São Brás/Campina,"Revestimento de fachada, assentados por compressão contra argamassa fresca.",18,12,-1.4664385,-48.4702873
Azulejo-Plr 3-2 (Verde Musgo),,,18 x12 cm,Cerâmica e vidrado Liso e bisotado,Travessa Castelo Branco n° 1258; Travessa São Francisco n° 60,São Brás/Campina,"Revestimento de fachada, assentados por compressão contra argamassa fresca.",18,12,-1.4664385,-48.4702873
Azulejo-Plr 4 (Verde),,,18 x12 cm,Cerâmica e vidrado Liso e bisotado,Rua 15 de Novembro n° 167/171; Travessa são Francisco n° 60,São Brás/Campina,"Revestimento de fachada, assentados por compressão contra argamassa fresca.",18,12,-1.4521017,-48.5019901
Azulejo-Plr 5-1,,,"17,8 x 12,4 cm",Cerâmica e vidrado Liso,Avenida Conselheiro Furtado n° 723 e 731,Batista Campos,"Revestimento de fachada, assentados por compressão contra argamassa fresca.",17.8,12.4,-1.4592708174141829,-48.491826418279935
Azulejo-Plr 5-2,,,"17,8 x 12,4 cm",Cerâmica e vidrado Liso,Avenida Conselheiro Furtado n° 723 e 731; Avenida Nazaré n° 154 e 166; Travessa Presidente Pernambuco n° 204,Nazaré,"Revestimento de fachada, assentados por compressão contra argamassa fresca.",17.8,12.4,-1.4592708174141829,-48.491826418279935
Azulejo-Plr 6 (Verde),Sacavém/Portugal,Real Fábrica de Louça - Sacavém - Gilmar & Cia n° 14,"15,5 x 15 cm",Cerâmica e vidrado Liso,Avenida Gentil Bittencourt n° 1537,Nazaré,"Revestimento de fachada, assentados por compressão contra argamassa fresca.",15.5,15,-1.4548184048780488,-48.478718012195124
Azulejo-Plr 7,,,,Cerâmica e vidrado Liso e bisotado,Travessa Presidente Pernambuco n° 204,Batista Campos,"Revestimento de fachada, assentados por compressão contra argamassa fresca.",,,-1.4594248,-48.4902092
Azulejo-Plr 8,,,,Cerâmica e vidrado Liso e bisotado,Travessa Presidente Pernambuco n° 204,Batista Campos,"Revestimento de fachada, assentados por compressão contra argamassa fresca.",,,-1.4594248,-48.4902092
Azulejo-Plr 9 (Azul),,,,Cerâmica e vidrado Liso,Travessa São Francisco n° 60,Campina,"Revestimento de fachada, assentados por compressão contra argamassa fresca.",,,-1.2956136,-48.4725751
Azulejo-Plq 1 (Branco),,,"14,6 x 14,6 cm",Cerâmica e vidrado Liso,Rua Ó de Almeida n° 527; Avenida Conselheiro Furtado n° 1881; Avenida Governador José Malcher n° 459,Campina/Nazaré,"Revestimento de fachada, assentados por compressão contra argamassa fresca.",14.6,14.6,-1.1386998,-48.448846
Azulejo-Plq 2 (Verde),,Servais Werke A.G. Ehrang,15 x 15 cm,Cerâmica e vidrado Liso,Rua Gama Abreu n° 1190 e 1202,Batista Campos,"Revestimento de fachada, assentados por compressão contra argamassa fresca.",15,15,-1.4565428,-48.4951893
Azulejo-Plq 2-1(Verde),,Servais Werke A.G. Ehrang,15 x 15 cm,Cerâmica e vidrado Liso,Demolido,,"Revestimento de fachada, assentados por compressão contra argamassa fresca.",15,15,,
Azulejo-Plq 3 (Vinho),,,,Cerâmica e vidrado Liso,Demolido,Batista Campos,"Revestimento de fachada, assentados por compressão contra argamassa fresca.",,,,
Azulejo-Plq 4 (Creme),,,,Cerâmica e vidrado Liso,Travessa Presidente Pernambuco n° 204,Batista Campos,"Revestimento de fachada, assentados por compressão contra argamassa fresca.",,,-1.4594248,-48.4902092
